threshold,n_high,coverage,accuracy,micro_precision,micro_recall,micro_f1,weighted_precision,weighted_recall,weighted_f1,macro_precision,macro_recall,macro_f1
0.5,694455,1.0,0.9246459453816303,0.9246459453816303,0.9246459453816303,0.9246459453816303,0.9243966651453343,0.9246459453816303,0.9243129173788501,0.8769575534421906,0.7879464440398037,0.8212370874281097
0.51,694455,1.0,0.9246459453816303,0.9246459453816303,0.9246459453816303,0.9246459453816303,0.9243966651453343,0.9246459453816303,0.9243129173788501,0.8769575534421906,0.7879464440398037,0.8212370874281097
0.52,694455,1.0,0.9246459453816303,0.9246459453816303,0.9246459453816303,0.9246459453816303,0.9243966651453343,0.9246459453816303,0.9243129173788501,0.8769575534421906,0.7879464440398037,0.8212370874281097
0.53,694455,1.0,0.9246459453816303,0.9246459453816303,0.9246459453816303,0.9246459453816303,0.9243966651453343,0.9246459453816303,0.9243129173788501,0.8769575534421906,0.7879464440398037,0.8212370874281097
0.54,694455,1.0,0.9246459453816303,0.9246459453816303,0.9246459453816303,0.9246459453816303,0.9243966651453343,0.9246459453816303,0.9243129173788501,0.8769575534421906,0.7879464440398037,0.8212370874281097
0.55,694454,0.9999985600218877,0.9246458368732846,0.9246458368732846,0.9246458368732846,0.9246458368732846,0.924396555417508,0.9246458368732846,0.9243128079434497,0.8769575202019502,0.7879464081566724,0.8212370528559657
0.56,694454,0.9999985600218877,0.9246458368732846,0.9246458368732846,0.9246458368732846,0.9246458368732846,0.924396555417508,0.9246458368732846,0.9243128079434497,0.8769575202019502,0.7879464081566724,0.8212370528559657
0.57,694451,0.9999942400875507,0.924648391319186,0.924648391319186,0.924648391319186,0.924648391319186,0.9243991150280297,0.924648391319186,0.9243153090258476,0.8769587160057769,0.7879465624299674,0.8212376975958339
0.58,694450,0.9999928001094384,0.9246482828137375,0.9246482828137375,0.9246482828137375,0.9246482828137375,0.9243989914298918,0.9246482828137375,0.9243151915917969,0.8769586866481375,0.7879465250480789,0.821237663925926
0.59,694445,0.9999856002188767,0.9246535002771997,0.9246535002771997,0.9246535002771997,0.9246535002771997,0.9244042662260055,0.9246535002771997,0.9243204360706799,0.8769595187560781,0.7879478135324718,0.8212387412206007
0.6,694439,0.9999769603502027,0.9246600493347867,0.9246600493347867,0.9246600493347867,0.9246600493347867,0.9244105875704118,0.9246600493347867,0.924326891188625,0.8769605548291719,0.7882900947375582,0.8214175245899746
0.61,694432,0.9999668805034163,0.9246664900235012,0.9246664900235012,0.9246664900235012,0.9246664900235012,0.9244168998688939,0.9246664900235012,0.9243336413890144,0.8770591765889243,0.788391908193265,0.8215687311739122
0.62,694419,0.999948160787956,0.9246766001506295,0.9246766001506295,0.9246766001506295,0.9246766001506295,0.924427295141419,0.9246766001506295,0.9243438983558482,0.8770731561395658,0.7886476353847742,0.821715575303801
0.63,694405,0.9999280010943834,0.9246851621172083,0.9246851621172083,0.9246851621172083,0.9246851621172083,0.9244361113590359,0.9246851621172083,0.9243526576379953,0.8770803756111211,0.7886514037578357,0.8217210448559196
0.64,694382,0.9998948815977997,0.9247042694079052,0.9247042694079052,0.9247042694079052,0.9247042694079052,0.9244558062665414,0.9247042694079052,0.924372619676865,0.8770849005059612,0.7887263095825675,0.8217690730426502
0.65,694345,0.9998416024076434,0.9247362622327517,0.9247362622327517,0.9247362622327517,0.9247362622327517,0.9244888505902413,0.9247362622327517,0.9244054003830486,0.8771092412127256,0.7887845326233018,0.8218131353108314
0.66,694312,0.9997940831299365,0.9247600502367812,0.9247600502367812,0.9247600502367812,0.9247600502367812,0.9245132472414851,0.9247600502367812,0.9244296960559325,0.8771579087073063,0.7887923236256347,0.8218400224763935
0.67,694265,0.9997264041586568,0.9248010485909559,0.9248010485909559,0.9248010485909559,0.9248010485909559,0.9245530732576331,0.9248010485909559,0.9244705250012163,0.8762352591398083,0.7883917462235953,0.8212580382226166
0.68,694190,0.9996184058002319,0.9248505452397758,0.9248505452397758,0.9248505452397758,0.9248505452397758,0.9246022768039717,0.9248505452397758,0.9245198537942859,0.8762813129919621,0.7884564810798151,0.8213128105070215
0.69,694089,0.9994729680108863,0.9249419022632545,0.9249419022632545,0.9249419022632545,0.9249419022632545,0.9246955397646749,0.9249419022632545,0.9246133330691547,0.8763398814164702,0.788804580835335,0.8215197611531613
0.7,693937,0.9992540913378116,0.9250638026218518,0.9250638026218518,0.9250638026218518,0.9250638026218518,0.9248189459384023,0.9250638026218518,0.9247368535051359,0.8763650630396451,0.7901991053000644,0.8225188217888292
0.71,693738,0.9989675356934574,0.925206634204844,0.925206634204844,0.925206634204844,0.925206634204844,0.9249625630945317,0.925206634204844,0.9248808570795987,0.8765869474907437,0.7904977519706551,0.8227721913936783
0.72,693462,0.9985701017344536,0.9254220130302742,0.9254220130302742,0.9254220130302742,0.9254220130302742,0.9251829170934109,0.9254220130302742,0.9250991735824167,0.877755235086004,0.7905217066680139,0.8227916949531967
0.73,693079,0.9980185901174302,0.9257025533885748,0.9257025533885748,0.9257025533885748,0.9257025533885748,0.9254689685132435,0.9257025533885748,0.9253847809655,0.8780467517889187,0.7917644466739024,0.8237902077527623
0.74,692581,0.9973014810174885,0.9260664095607589,0.9260664095607589,0.9260664095607589,0.9260664095607589,0.9258336691860183,0.9260664095607589,0.9257507950164117,0.8782028680416701,0.7920309590542098,0.8240126076005485
0.75,691988,0.9964475739968752,0.9264813840702439,0.9264813840702439,0.9264813840702439,0.9264813840702439,0.9262540436909108,0.9264813840702439,0.9261719321348106,0.8787129413916765,0.7932465342555792,0.8250894989628833
0.76,691158,0.9952523921636391,0.9270383906429499,0.9270383906429499,0.9270383906429499,0.9270383906429499,0.9268193011366512,0.9270383906429499,0.9267367233978572,0.8791280592266939,0.7959563976915969,0.8270921455059335
0.77,690162,0.9938181739637557,0.9277300112147583,0.9277300112147583,0.9277300112147583,0.9277300112147583,0.9275177648269572,0.9277300112147583,0.9274335995024212,0.8798468887991971,0.7966319355898832,0.8274023042871922
0.78,688968,0.9920988400976305,0.9284886961368307,0.9284886961368307,0.9284886961368307,0.9284886961368307,0.9282748569969097,0.9284886961368307,0.9281978079516032,0.8783976761402414,0.7967629139644445,0.8273515910453035
0.79,687355,0.9897761554024379,0.9295662357879116,0.9295662357879116,0.9295662357879116,0.9295662357879116,0.929354129529928,0.9295662357879116,0.9292832953468699,0.8790188565462306,0.7989837811569658,0.8291471356596763
0.8,685268,0.9867709210819996,0.9308095518833508,0.9308095518833508,0.9308095518833508,0.9308095518833508,0.9305888237181075,0.9308095518833508,0.9305312368992255,0.873023431883762,0.7979270284663618,0.8273162136443535
0.81,682904,0.983366812824445,0.9322291273736865,0.9322291273736865,0.9322291273736865,0.9322291273736865,0.932013266402787,0.9322291273736865,0.9319586474830742,0.874263653473784,0.7987763437299349,0.8282990183710262
0.82,680279,0.9795868702795717,0.9336904417158254,0.9336904417158254,0.9336904417158254,0.9336904417158254,0.9334886250257436,0.9336904417158254,0.9334309500929646,0.8756102656776618,0.7999578577537628,0.8295943515302739
0.83,677170,0.9751099783283295,0.9353352924671796,0.9353352924671796,0.9353352924671796,0.9353352924671796,0.9351367314919649,0.9353352924671796,0.9350834779142712,0.8767378075823778,0.8023420312771136,0.8317210425008411
0.84,673462,0.9697705394877998,0.9373164335923927,0.9373164335923927,0.9373164335923927,0.9373164335923927,0.9371232997173464,0.9373164335923927,0.9370740844156356,0.8787920968047278,0.8046971317091699,0.8341155481113706
0.85,668899,0.9631999193612257,0.9395917769349333,0.9395917769349333,0.9395917769349333,0.9395917769349333,0.9394052819966897,0.9395917769349333,0.9393584233398549,0.8803566253720986,0.8060181199450931,0.8354302674591597
0.86,662504,0.9539912593328581,0.942975438638861,0.942975438638861,0.942975438638861,0.942975438638861,0.94279162933209,0.942975438638861,0.9427500016708367,0.8829304561357476,0.8099408763184174,0.8388429982061614
0.87,650469,0.9366611227509342,0.949544098181466,0.949544098181466,0.949544098181466,0.949544098181466,0.9493454685273199,0.949544098181466,0.9493235372575537,0.8881930143961475,0.8191009396567523,0.8463684827489009
0.88,641133,0.9232174870941962,0.9539565113634768,0.9539565113634768,0.9539565113634768,0.9539565113634768,0.9537616509258442,0.9539565113634768,0.9537468188771785,0.8926211425144895,0.8250736782655318,0.8515662361097993
0.89,632604,0.9109359137741107,0.9576986550828006,0.9576986550828006,0.9576986550828006,0.9576986550828006,0.9575227057192441,0.9576986550828006,0.9575026044054182,0.8997666385346216,0.8300828575465525,0.8563877658211075
0.9,624233,0.8988818569957736,0.9608111073909902,0.9608111073909902,0.9608111073909902,0.9608111073909902,0.9606472808401252,0.9608111073909902,0.9606290899908874,0.9029581566314493,0.8394860838782908,0.8638082704117891
0.91,615484,0.8862834884909749,0.9637910977377153,0.9637910977377153,0.9637910977377153,0.9637910977377153,0.9636378782544693,0.9637910977377153,0.9636172541770545,0.9049044883249909,0.8420407510234524,0.8658543202180106
0.92,606077,0.8727376143882613,0.9667055506148559,0.9667055506148559,0.9667055506148559,0.9667055506148559,0.9665677416647326,0.9667055506148559,0.9665491453485083,0.9066754393305653,0.8473225244114738,0.8699739829980228
0.93,595910,0.8580973569201749,0.9696346763773053,0.9696346763773053,0.9696346763773053,0.9696346763773053,0.9694991570842338,0.9696346763773053,0.9694875508641415,0.9096273733307827,0.8513352972826661,0.8735684028151582
0.94,584770,0.8420560007487886,0.972491748892727,0.972491748892727,0.972491748892727,0.972491748892727,0.9723795837022722,0.972491748892727,0.9723582826741286,0.9151043403968774,0.8547037265880423,0.8774572176746537
0.95,571301,0.8226609355537796,0.9754070096148966,0.9754070096148966,0.9754070096148966,0.9754070096148966,0.975316732142227,0.9754070096148966,0.9752863048511471,0.9209409363166557,0.8590607818275264,0.8812366352895477
0.96,554793,0.7988897768753915,0.978386533355684,0.978386533355684,0.978386533355684,0.978386533355684,0.978301316755259,0.978386533355684,0.9782795373931938,0.9181295715809126,0.8636217983987347,0.8831839690354177
0.97,533444,0.7681476841552008,0.9815125861383763,0.9815125861383763,0.9815125861383763,0.9815125861383763,0.981442057824751,0.9815125861383763,0.98141860227524,0.922737439553083,0.8713889346487771,0.8892861817079526
0.98,502669,0.7238323577481622,0.9850557722875292,0.9850557722875292,0.9850557722875292,0.9850557722875292,0.985000515388027,0.9850557722875292,0.9849801096985543,0.9370783380544183,0.8866569749860024,0.9044040539893623
0.99,447073,0.6437753346149139,0.9891561333384034,0.9891561333384034,0.9891561333384034,0.9891561333384034,0.9891214120558018,0.9891561333384034,0.9890992959490776,0.9451520560993718,0.8980458033248704,0.9150986441810285
